Product,Type,Language,File Format,URL

Gamezop,Banner,English,PNG,https://static.gamezop.com/creatives/dc8cdedc-674f-40c0-83dd-11d4de626995.png
Gamezop,Banner,English,PNG,https://static.gamezop.com/creatives/5e2b9811-6d8d-468d-bb82-4e1cbc540050.png
Gamezop,Banner,English,PNG,https://static.gamezop.com/creatives/a9514b9d-348b-4571-b6a7-80d936096328.png
Gamezop,Banner,English,PNG,https://static.gamezop.com/creatives/e4cbba93-c4f0-4d2b-8c52-c319c07e4e4c.png
Gamezop,Banner,English,PNG,https://static.gamezop.com/creatives/a39eaf2f-e641-4822-a269-cfc480f81164.png
Gamezop,Banner,English,PNG,https://static.gamezop.com/creatives/1838bfac-249c-4461-a6de-ead00d636675.png
Gamezop,Banner,English,PNG,https://static.gamezop.com/creatives/6538a21d-813b-4293-ada6-29859df2f167.png
Gamezop,Banner,English,PNG,https://static.gamezop.com/creatives/314af315-7a94-4830-8f7b-6f27fff46f97.png
Gamezop,Banner,English,PNG,https://static.gamezop.com/creatives/ea86249d-eb56-4be1-b7ec-9dd842fe03bd.png
Gamezop,Banner,English,PNG,https://static.gamezop.com/creatives/f90871e6-ee68-40be-87d2-4001106067f3.png
Gamezop,Banner,English,PNG,https://static.gamezop.com/creatives/9b2d8716-ba8b-40b6-9575-ed79dcc5c9d8.png
Gamezop,Banner,English,PNG,https://static.gamezop.com/creatives/0b8fa045-adc5-4fb0-b390-fb9fa7aa556f.png
Gamezop,Banner,English,PNG,https://static.gamezop.com/creatives/91849c2b-9a5e-473c-997d-8900677a60ef.png
Gamezop,Banner,English,PNG,https://static.gamezop.com/creatives/8e5ebc17-0723-4a51-a48d-3c30047256bb.png
Gamezop,Banner,English,PNG,https://static.gamezop.com/creatives/b105094c-3eb3-499f-8f02-74bb7c49b653.png
Gamezop,Banner,English,PNG,https://static.gamezop.com/creatives/a8286e1f-6a47-4063-bdee-8cb0b6486cfc.png
Gamezop,Banner,English,PNG,https://static.gamezop.com/creatives/ea8b5fef-018b-4bdd-a28e-beb3fd8503d0.png
Gamezop,Banner,English,PNG,https://static.gamezop.com/creatives/82eac95a-0087-4106-bf71-b0e554ef9045.png
Gamezop,Banner,English,PNG,https://static.gamezop.com/creatives/eb223c41-4c3b-4bf2-b591-25d6185d3d72.png
Gamezop,Banner,English,PNG,https://static.gamezop.com/creatives/ab9fabc3-c8c3-40b3-b051-e9dd743fdde0.png
Gamezop,Banner,English,PNG,https://static.gamezop.com/creatives/474dc068-75d3-4eac-b712-0b41b28d75ae.png
Gamezop,Banner,English,PNG,https://static.gamezop.com/creatives/0549c881-43bd-46d0-a7c6-8a5f922c8782.png
Gamezop,Banner,English,PNG,https://static.gamezop.com/creatives/062b42d3-2249-4173-912d-98217bbe6afd.png
Gamezop,Banner,English,PNG,https://static.gamezop.com/creatives/bc0affeb-fa4f-401b-81ee-8ec559b578fb.png
Quizzop,Banner,English,PNG,https://static.gamezop.com/creatives/893c05b5-2572-4065-82b0-b1735897fe25.png
Quizzop,Banner,English,JPG,https://static.gamezop.com/creatives/4b46d069-b404-48f0-85d0-f6379a5c6a0e.jpg
Quizzop,Banner,English,JPG,https://static.gamezop.com/creatives/36088d41-05d0-4136-b4f9-b3ce78a46951.jpg
Quizzop,Banner,English,JPG,https://static.gamezop.com/creatives/bb426c6b-2bd4-4fc9-81f1-703190fd3c66.jpg
Quizzop,Banner,English,JPG,https://static.gamezop.com/creatives/375ceb11-c11e-4b5a-80f3-efd7a7c99b18.jpg
Quizzop,Banner,English,JPG,https://static.gamezop.com/creatives/29a7246a-02e1-45d8-9626-a18bc15c02cd.jpg
Quizzop,Banner,English,JPG,https://static.gamezop.com/creatives/ab2c641d-2873-4d90-ab48-91ea7c9b088d.jpg
Quizzop,Banner,English,JPG,https://static.gamezop.com/creatives/d394c7c8-aef4-4c12-95a8-fefd850af7d1.jpg
Quizzop,Banner,English,JPG,https://static.gamezop.com/creatives/cc135a91-1069-4d38-b451-fce096080ff0.jpg
Quizzop,Banner,English,JPG,https://static.gamezop.com/creatives/c28e8090-8003-4766-8a78-c06f86e61df3.jpg
Quizzop,Banner,English,JPG,https://static.gamezop.com/creatives/d474f52f-d524-41d6-aba1-cbf6d80b480d.jpg
Quizzop,Banner,English,JPG,https://static.gamezop.com/creatives/54095509-9bb4-4663-9b7c-8430cae0b6f2.jpg
Quizzop,Banner,English,JPG,https://static.gamezop.com/creatives/3d04639f-5038-4336-ac87-a75e46003dc6.jpg
Quizzop,Banner,English,JPG,https://static.gamezop.com/creatives/d9fe9738-0646-41a2-a3e5-f0a38facc922.jpg
Quizzop,Banner,English,PNG,https://static.gamezop.com/creatives/46315f7a-4b50-4235-8323-48d4d75376e5.png
Quizzop,Banner,English,JPG,https://static.gamezop.com/creatives/86af8dce-bc05-4f7b-b222-500b4e1fdd23.jpg
Gamezop,Banner,English,JPG,https://static.gamezop.com/creatives/101bfb0e-69ad-4df9-b59d-4e55b685e92d.jpg
Gamezop,Banner,English,JPG,https://static.gamezop.com/creatives/c256c6d6-a814-469f-82d2-c595d6c3b4f9.jpg
Gamezop,Banner,English,JPG,https://static.gamezop.com/creatives/25b04be7-fd2e-4925-a400-beeb1b5ddfc6.jpg
Gamezop,Banner,English,JPG,https://static.gamezop.com/creatives/23a83e95-4dd4-4afc-8037-7e62a9bf4dec.jpg
Gamezop,Banner,English,JPG,https://static.gamezop.com/creatives/5ca6d65e-512a-46ed-b2e1-889ca228eff8.jpg
Gamezop,Banner,English,PNG,https://static.gamezop.com/creatives/f17bfa04-b1e6-4456-9f6f-f0d1fd0136b7.png
Gamezop,Banner,English,JPG,https://static.gamezop.com/creatives/43f805ba-cf32-4ec0-946f-383122d1abc6.jpg
Quizzop,Banner,English,PNG,https://static.gamezop.com/creatives/99094321-950a-406d-abbc-f6fc972727d3.png
Quizzop,Banner,English,PNG,https://static.gamezop.com/creatives/d6e3827e-84e4-4161-a459-c7b3dbb4e212.png
Gamezop,Banner,English,JPG,https://static.gamezop.com/creatives/8a73da6e-3090-480c-b343-8eb54f029b71.jpg
Gamezop,Banner,English,JPG,https://static.gamezop.com/creatives/aae7168e-842e-4bd4-b0ad-a32c6922742e.jpg
Quizzop,Banner,English,PNG,https://static.gamezop.com/creatives/936de926-ef17-47d2-b400-cbbe3ff26d71.png
Quizzop,Banner,English,PNG,https://static.gamezop.com/creatives/33e5a4a7-e993-4b03-be0e-34b7266e5558.png
Quizzop,Banner,English,PNG,https://static.gamezop.com/creatives/b6d2ec70-935c-4318-8da9-aeda59bb6a2d.png
Quizzop,Banner,English,PNG,https://static.gamezop.com/creatives/97493a43-6182-4ff9-88b1-71356744acdd.png
Quizzop,Banner,English,JPG,https://static.gamezop.com/creatives/13a967a7-d929-4a88-bcad-2ebd9b26f7b5.jpg
Quizzop,Banner,English,JPG,https://static.gamezop.com/creatives/c6ce429f-ff76-4a8b-9f9c-e5f032002a34.jpg
Quizzop,Banner,English,PNG,https://static.gamezop.com/creatives/24f2de77-95bb-4b41-9c72-262a7f9963e5.png
Quizzop,Banner,English,PNG,https://static.gamezop.com/creatives/05915924-6501-4639-8d6f-df7aaad636be.png
Quizzop,Banner,English,JPG,https://static.gamezop.com/creatives/940eb385-40dc-49cc-ba53-5a09eda7dd35.jpg
Quizzop,Banner,English,JPG,https://static.gamezop.com/creatives/e259ca6f-8b89-4e5d-a93f-a906f9e74f13.jpg
Quizzop,Banner,English,JPG,https://static.gamezop.com/creatives/e4dc6a89-bdac-4cc0-9038-e66d63d4304a.jpg
Quizzop,Banner,English,PNG,https://static.gamezop.com/creatives/1db75ac6-bc56-44c2-8cbd-637e8242f7c3.png
Quizzop,Banner,English,JPG,https://static.gamezop.com/creatives/752086e4-a701-47f6-9570-9e08ce63528e.jpg
Quizzop,Banner,English,JPG,https://static.gamezop.com/creatives/84e40da3-6d7f-4abb-8d64-8bb98f89788d.jpg
Quizzop,Banner,English,JPG,https://static.gamezop.com/creatives/71f50bb1-b72f-4352-b584-344f4a47b2ed.jpg
Quizzop,Banner,English,JPG,https://static.gamezop.com/creatives/f982ff81-17cc-412b-b0f6-74d485bac3ed.jpg
Quizzop,Banner,English,JPG,https://static.gamezop.com/creatives/13b1ef21-4344-4966-8317-f7efc12022fc.jpg
Quizzop,Banner,English,JPG,https://static.gamezop.com/creatives/cf13678f-3447-45bd-a6c6-a712516b9940.jpg
Quizzop,Banner,English,JPG,https://static.gamezop.com/creatives/e69bbadf-392e-4f41-aa4f-3df5e95c9c18.jpg
Quizzop,Banner,English,PNG,https://static.gamezop.com/creatives/1381598c-ebcf-4a3f-9188-9f59f2281e90.png
Gamezop,Banner,English,JPG,https://static.gamezop.com/creatives/a7f67065-95d8-4eb6-8ee6-b0c41010957e.jpg
Gamezop,Banner,English,JPG,https://static.gamezop.com/creatives/737b7668-683d-4f98-a42c-a359dbcac46b.jpg
Quizzop,Banner,English,JPG,https://static.gamezop.com/creatives/6224f8f5-c123-430a-b31d-a8e1bd6a191c.jpg
Quizzop,Banner,English,JPG,https://static.gamezop.com/creatives/d1a492e2-456c-43f5-96de-beab1234796a.jpg
Gamezop,Banner,English,JPG,https://static.gamezop.com/creatives/ced267b8-2d7a-4c69-a067-1261f2d6bcc7.jpg
Gamezop,Banner,English,JPG,https://static.gamezop.com/creatives/10c1e4f1-296e-4100-b907-f3f1d7dc353b.jpg
Gamezop,Banner,English,JPG,https://static.gamezop.com/creatives/52a89bff-4503-4d78-a749-5c9c66c15004.jpg
Gamezop,Banner,English,PNG,https://static.gamezop.com/creatives/c8d4dac6-f399-4ab8-bbe1-f172d157f051.png
Gamezop,Banner,English,PNG,https://static.gamezop.com/creatives/71c7bd24-3dd0-4443-94a3-81721acbaa17.png
Gamezop,Banner,English,JPG,https://static.gamezop.com/creatives/c818f59e-2d9d-43bc-a5b1-4c986c1e88f0.jpg
Gamezop,Banner,English,PNG,https://static.gamezop.com/creatives/0cf68e5d-46c6-47a2-9e0d-d91d391a9c04.png
Gamezop,Banner,English,JPG,https://static.gamezop.com/creatives/9c8b2dba-985a-4c92-8911-5eaeb44b097d.jpg
Gamezop,Banner,English,PNG,https://static.gamezop.com/creatives/ae38a19e-6f3f-4afb-96a4-aabc67d6f6c5.png
Gamezop,Banner,English,PNG,https://static.gamezop.com/creatives/6edbd013-33ff-4562-a5a6-5eac8a154073.png
Gamezop,Banner,English,PNG,https://static.gamezop.com/creatives/927c7880-6055-4d74-b61b-82abfb3311fd.png
Gamezop,Banner,English,PNG,https://static.gamezop.com/creatives/c16ab36b-fdd1-4e19-a1f0-00b8b7e541a8.png
Gamezop,Banner,English,PNG,https://static.gamezop.com/creatives/f51365bb-b03a-4b9e-bd24-df57955c3bda.png
Gamezop,Banner,English,PNG,https://static.gamezop.com/creatives/1aab2a0e-c747-4a2c-a550-60083c9c1bc3.png
Gamezop,Banner,English,PNG,https://static.gamezop.com/creatives/92090680-8d2d-4882-9295-bb60326b3be9.png
Gamezop,Banner,English,PNG,https://static.gamezop.com/creatives/58b6e0d6-c65e-44cb-beff-ba435cd71d44.png
Gamezop,Banner,English,PNG,https://static.gamezop.com/creatives/5b966854-2199-4d37-b9af-dccc017efcda.png
Gamezop,Banner,English,PNG,https://static.gamezop.com/creatives/3f608dbe-191b-4bb3-9876-0dde40c1dd6d.png
Gamezop,Banner,English,PNG,https://static.gamezop.com/creatives/d114f8ff-e230-4a6c-97df-8b72fe819697.png
Gamezop,Banner,English,PNG,https://static.gamezop.com/creatives/a22a470b-9540-4f0f-94ad-62879b0962ce.png
Gamezop,Banner,English,PNG,https://static.gamezop.com/creatives/28746518-101a-4337-a46c-c1d0908cfb0b.png
Gamezop,Banner,English,PNG,https://static.gamezop.com/creatives/9cc51d28-763c-4b48-94b6-43f098670c08.png
Gamezop,Banner,English,PNG,https://static.gamezop.com/creatives/926cc6d9-2725-450f-9c54-52a6a019f9c3.png
Gamezop,Banner,English,PNG,https://static.gamezop.com/creatives/548d7f19-7ac6-4693-b663-9df4eda0d991.png
Gamezop,Banner,English,PNG,https://static.gamezop.com/creatives/682a6015-c198-4862-b206-ea259489fb95.png
Gamezop,Banner,English,PNG,https://static.gamezop.com/creatives/67f9247e-a942-458d-80d4-65fd87a34df4.png
Gamezop,Banner,English,PNG,https://static.gamezop.com/creatives/5e35b54b-de52-4403-b480-438021518833.png
Gamezop,Banner,English,PNG,https://static.gamezop.com/creatives/5917c284-736b-49fd-a5ec-1045b4810e3e.png
Quizzop,Banner,English,PNG,https://static.gamezop.com/creatives/367f82be-40d0-4c63-b827-87aac448b0de.png
Quizzop,Banner,English,PNG,https://static.gamezop.com/creatives/d1bf58e6-4311-4635-9ee9-0970bbbbb11f.png
Quizzop,Banner,English,PNG,https://static.gamezop.com/creatives/4d5732ba-1fa0-4d39-b893-86fb263ac446.png
Quizzop,Banner,English,PNG,https://static.gamezop.com/creatives/82b38520-9468-436f-aafb-faf896662221.png
Quizzop,Banner,English,PNG,https://static.gamezop.com/creatives/acca6a36-e2c5-4fc4-ae23-f430aee5f02a.png
Quizzop,Banner,English,PNG,https://static.gamezop.com/creatives/758a2d1a-d7b5-4c35-b695-4e6308040bfa.png
Quizzop,Banner,English,PNG,https://static.gamezop.com/creatives/c81d1d90-fffa-42a7-a164-47681a112772.png
Quizzop,Banner,English,PNG,https://static.gamezop.com/creatives/3895d8d1-d4d2-48fc-a707-2e6dd3757a91.png
Quizzop,Banner,English,PNG,https://static.gamezop.com/creatives/337ab7ac-940d-49e7-b159-65e44e5b3a32.png
Quizzop,Banner,English,PNG,https://static.gamezop.com/creatives/3f5ba632-108c-426b-9842-033b64debd9d.png
Quizzop,Banner,English,PNG,https://static.gamezop.com/creatives/79964fdc-b0d8-4435-9470-46e5e4583773.png
Quizzop,Banner,English,PNG,https://static.gamezop.com/creatives/54adef0e-d82f-44c1-8ff6-cdda8f615ef1.png
Quizzop,Banner,English,PNG,https://static.gamezop.com/creatives/83e0e435-627d-45e8-9c6e-003718742ede.png
Quizzop,Banner,English,PNG,https://static.gamezop.com/creatives/8dbb5946-1684-46cd-b1eb-eef2bac26108.png
Quizzop,Banner,English,PNG,https://static.gamezop.com/creatives/1066968c-c9f7-4998-95ad-9ee1b8c7576a.png
Quizzop,Banner,English,PNG,https://static.gamezop.com/creatives/289836a9-2fa6-4e72-b398-7927fc8f68ff.png
Quizzop,Banner,English,PNG,https://static.gamezop.com/creatives/51645a3e-9850-46d9-a193-dee433e1daf9.png
Quizzop,Banner,English,PNG,https://static.gamezop.com/creatives/7dbbaf82-788e-437e-a0dd-e95661464db9.png
Quizzop,Banner,English,PNG,https://static.gamezop.com/creatives/70525d83-ed67-403b-9a07-98ed0454387e.png
Quizzop,Banner,English,PNG,https://static.gamezop.com/creatives/68d9c72a-2935-4949-978a-1db430234499.png
Gamezop,Banner,Neutral,PNG,https://static.gamezop.com/creatives/f3ce1b0d-4f73-4517-87d6-6bf1ca888a8e.png
Gamezop,Banner,Neutral,PNG,https://static.gamezop.com/creatives/1579cd32-6cef-4925-bace-f7696e4a54e1.png
Gamezop,Banner,Neutral,PNG,https://static.gamezop.com/creatives/447f9f40-bff4-4943-bd89-b783a8b95754.png
Gamezop,Banner,Neutral,PNG,https://static.gamezop.com/creatives/8d459a93-2d4a-48dc-83a1-030077d5b75d.png
Gamezop,Banner,Neutral,PNG,https://static.gamezop.com/creatives/fa640176-6c43-4b3d-873a-9c79539cbc50.png
Gamezop,Banner,Neutral,PNG,https://static.gamezop.com/creatives/42bfead6-aff2-4f61-a9d3-74044ba5b8de.png
Gamezop,Banner,Neutral,PNG,https://static.gamezop.com/creatives/189b3b3e-4e3b-4e87-8815-8c810c3ea448.png
Gamezop,Banner,Neutral,PNG,https://static.gamezop.com/creatives/7e843767-a898-48e2-8f0c-3956f251367e.png
Gamezop,Banner,Neutral,PNG,https://static.gamezop.com/creatives/baf8a028-3d10-4116-89c7-f164cc5f8266.png
Gamezop,Banner,Neutral,PNG,https://static.gamezop.com/creatives/713fee02-17d8-4d87-9ce5-036766858ded.png
Gamezop,Banner,Neutral,PNG,https://static.gamezop.com/creatives/ecba6485-a322-4fea-98af-066efcceb788.png
Gamezop,Banner,Neutral,PNG,https://static.gamezop.com/creatives/de4e3baa-649f-4523-9d70-549a6584aa7e.png
Gamezop,Banner,Hindi,PNG,https://static.gamezop.com/creatives/9d8ac9de-2d35-4356-b6f1-7e0eec590d83.png
Gamezop,Banner,Hindi,PNG,https://static.gamezop.com/creatives/7e89102a-ecf1-478b-b23b-2358b757db0d.png
Gamezop,Banner,Hindi,PNG,https://static.gamezop.com/creatives/6ac2f12e-d074-4de4-b94b-9ef48b04676b.png
Gamezop,Banner,Neutral,PNG,https://static.gamezop.com/creatives/b92eb332-bdbd-452f-abd7-e94732f2edda.png
Gamezop,Banner,Neutral,PNG,https://static.gamezop.com/creatives/e205edd3-51ce-4eb5-9704-9b3c75c28fce.png
Gamezop,Banner,Neutral,PNG,https://static.gamezop.com/creatives/52c8f03f-9091-4b44-85d0-7a0270c335d4.png
Gamezop,Banner,Neutral,PNG,https://static.gamezop.com/creatives/68c98c92-fb4c-4c1f-a30d-1b2d87270cdf.png
Gamezop,Banner,English,PNG,https://static.gamezop.com/creatives/7764029b-2403-4f83-8891-51df3e5f0a10.png
Gamezop,Banner,English,PNG,https://static.gamezop.com/creatives/4df02f85-a5bb-43a8-9fd0-1686199d644c.png
Gamezop,Banner,English,PNG,https://static.gamezop.com/creatives/12ab013b-7bf3-4b1f-8ba6-0f42db2fb03a.png
Gamezop,Banner,English,PNG,https://static.gamezop.com/creatives/cf8ccacd-f21e-4bc3-b1b6-1496801c1ce2.png
Gamezop,Banner,English,PNG,https://static.gamezop.com/creatives/dcf1f0d8-61b0-48bb-a4c3-071afc8fd788.png
Gamezop,Banner,English,PNG,https://static.gamezop.com/creatives/e30e3174-9cc9-45f8-a020-7557a2c3bc81.png
Gamezop,Banner,English,PNG,https://static.gamezop.com/creatives/f80b6e35-ba73-4468-b7fa-953ea331fccc.png
Gamezop,Banner,English,PNG,https://static.gamezop.com/creatives/e5cf53a1-70d3-40ca-b46a-fba7b5090bcd.png
Gamezop,Banner,English,PNG,https://static.gamezop.com/creatives/a3128393-a414-4080-af82-6d5402084bad.png
Gamezop,Banner,English,PNG,https://static.gamezop.com/creatives/4881f111-ab6e-4f84-9a0e-154d9c1cb7ab.png
Gamezop,Banner,English,PNG,https://static.gamezop.com/creatives/2f73853c-f234-4b96-83a9-e45b01d5f221.png
